t,I_without_prompts,I_with_prompts
0,5.000000,5.000000
1,7.246451,7.346451
2,7.914292,5.965151
3,8.100937,5.475320
4,6.494546,3.661486
5,1.736958,0.893233
